{
    "RMSE": 159.19120048964268,
    "r2": 0.8325349541724683
}